"Timestamp","Name","Mobile Number","  1. How did you first hear about Meesho?  ","  2. How often do you use Meesho?  ","  3. What device do you mostly use to access Meesho?  ","  4. How long have you been using Meesho?  ","  5. Do you use Meesho as a buyer, seller, or both?  ","  6. How easy is it to create an account on Meesho?  ","  7. How would you rate Meesho’s mobile app interface?  ","  8. Are product categories on Meesho easy to browse?  ","  9. How satisfied are you with Meesho’s product descriptions?  ","  10. How often do you find the exact product you’re looking for on Meesho?  ","  11. How do you find Meesho’s product pricing compared to other e-commerce apps?  ","  12. Do you think Meesho offers sufficient discounts/offers?  ","  13. Which factor influences your purchase most on Meesho?  ","  14. Do you feel Meesho gives value for money?  ","  15. What is your preferred payment method on Meesho?  ","  16. How secure do you feel while making online payments on Meesho?  ","  17. How would you rate Meesho’s delivery speed?  ","  18. How satisfied are you with Meesho’s packaging quality?  ","  19. Do you usually receive your product within the promised delivery time?  ","  20. How easy is the return/refund process on Meesho?  ","  21. How much do you trust the product quality on Meesho?  ","  22. How accurate are product images compared to actual products?  ","  23. Have you faced issues with fake or duplicate products?  ","  24. How transparent is Meesho’s pricing and billing system?  ","  25. How confident are you recommending Meesho to others?  ","  26. If you are a seller, how easy is it to list products on Meesho?  ","  27. How supportive is Meesho’s seller support system?  ","  28. How fair do you find Meesho’s commission charges?  ","  29. Do you think Meesho helps sellers/resellers grow their business?  ","  30. What is the biggest challenge you face as a seller on Meesho?  ","  31. How did you first come across Meesho advertisements?  ","  32. Do you think Meesho’s marketing campaigns are attractive?  ","  33. Have you ever joined Meesho due to an influencer’s recommendation?  ","  34. Which feature do you think makes Meesho unique?  ","  35. Do you think Meesho’s referral program is beneficial?  ","  36. Overall, how would you rate your experience with Meesho?  ","  37. Would you prefer Meesho over other e-commerce platforms?  ","  38. How likely are you to continue using Meesho in the future?  ","  39. What improvement do you want to see most in Meesho?  ","  40. If asked to describe Meesho in one word, how would you rate it?  "
"2025/09/23 12:57:47 pm GMT+5:30","Komal Ganesh chaudhari ","9699126370","a) Social Media","c) Monthly","a) Smartphone","a) Less than 6 months","a) Buyer only","a) Very easy","b) Good","a) Yes, very clear","a) Very satisfied","a) Always","a) Much cheaper","a) Yes, always","a) Low price","a) Strongly agree","a) Cash on Delivery (COD)","a) Very secure","a) Very fast","a) Very satisfied","a) Always","a) Very easy","a) Very much","a) Very accurate","a) Never","a) Very transparent","b) Somewhat confident","a) Very easy","a) Very supportive","a) Very fair","a) Strongly agree","a) Low profit margin","a) Facebook/Instagram","a) Very attractive","Yes","a) Low prices","a) Yes, very beneficial","a) Excellent","a) Always","a) Very likely","a) Product quality","a) Reliable"
"2025/09/23 2:09:35 pm GMT+5:30","Purva Kumbhar ","9209061343","c) Advertisement","c) Monthly","a) Smartphone","a) Less than 6 months","a) Buyer only","a) Very easy","b) Good","b) Somewhat clear","b) Satisfied","a) Always","b) Slightly cheaper","a) Yes, always","c) Product quality","b) Agree","a) Cash on Delivery (COD)","c) Somewhat secure","","","a) Always","b) Easy","a) Very much","b) Somewhat accurate","a) Never","b) Transparent","b) Somewhat confident","a) Very easy","b) Supportive","b) Fair","c) Disagree","b) Competition","d) Friends/Family","b) Somewhat attractive","Yes","b) Reselling option","b) Somewhat beneficial","b) Good","a) Always","b) Likely","b) Delivery speed","a) Reliable"
"2025/09/23 2:11:00 pm GMT+5:30","Tilottama Kapade","8806006802","b) Friends/Family","b) Weekly","d) Other","c) 1–2 years","b) Seller only","b) Easy","b) Good","b) Somewhat clear","b) Satisfied","a) Always","b) Slightly cheaper","b) Often","a) Low price","b) Agree","a) Cash on Delivery (COD)","b) Secure","c) Average","b) Satisfied","c) Sometimes","b) Easy","b) Somewhat","b) Somewhat accurate","a) Never","b) Transparent","a) Very confident","a) Very easy","b) Supportive","b) Fair","a) Strongly agree","a) Low profit margin","d) Friends/Family","a) Very attractive","No","a) Low prices","b) Somewhat beneficial","a) Excellent","c) Sometimes","a) Very likely","a) Product quality","a) Reliable"
"2025/09/23 2:21:32 pm GMT+5:30","Sonam Chaudhari ","7498677232","b) Friends/Family","c) Monthly","a) Smartphone","d) More than 2 years","c) Both","a) Very easy","b) Good","b) Somewhat clear","b) Satisfied","a) Always","c) Similar","a) Yes, always","b) Discounts/offers","c) Disagree","a) Cash on Delivery (COD)","b) Secure","a) Very fast","a) Very satisfied","a) Always","a) Very easy","a) Very much","a) Very accurate","a) Never","a) Very transparent","a) Very confident","a) Very easy","a) Very supportive","a) Very fair","b) Agree","a) Low profit margin","a) Facebook/Instagram","c) Neutral","Yes","d) Easy returns","c) Not useful","a) Excellent","b) Often","b) Likely","a) Product quality","a) Reliable"
"2025/09/23 3:05:34 pm GMT+5:30","Chaitali mahajan ","77099 09491 ","a) Social Media","b) Weekly","a) Smartphone","a) Less than 6 months","c) Both","a) Very easy","b) Good","b) Somewhat clear","b) Satisfied","a) Always","a) Much cheaper","a) Yes, always","a) Low price","a) Strongly agree","a) Cash on Delivery (COD)","a) Very secure","a) Very fast","a) Very satisfied","a) Always","a) Very easy","a) Very much","a) Very accurate","a) Never","a) Very transparent","a) Very confident","","a) Very supportive","a) Very fair","a) Strongly agree","a) Low profit margin","b) YouTube","a) Very attractive","Yes","a) Low prices","a) Yes, very beneficial","b) Good","a) Always","a) Very likely","a) Product quality","a) Reliable"
"2025/09/23 3:15:32 pm GMT+5:30","Hemlata jayraj shirsale","9423639372","c) Advertisement","c) Monthly","a) Smartphone","c) 1–2 years","a) Buyer only","a) Very easy","b) Good","a) Yes, very clear","b) Satisfied","c) Sometimes","a) Much cheaper","a) Yes, always","b) Discounts/offers","a) Strongly agree","a) Cash on Delivery (COD)","b) Secure","c) Average","b) Satisfied","b) Often y","b) Easy","b) Somewhat","a) Very accurate","a) Never","b) Transparent","c) Neutral","b) Easy","b) Supportive","b) Fair","b) Agree","b) Competition","b) YouTube","b) Somewhat attractive","Yes","b) Reselling option","b) Somewhat beneficial","b) Good","b) Often","b) Likely","b) Delivery speed","b) Affordable"
"2025/09/23 3:18:48 pm GMT+5:30","Uday Mahajan ","9359885115","a) Social Media","b) Weekly","b) Tablet","a) Less than 6 months","a) Buyer only","a) Very easy","b) Good","b) Somewhat clear","a) Very satisfied","a) Always","b) Slightly cheaper","b) Often","b) Discounts/offers","a) Strongly agree","a) Cash on Delivery (COD)","b) Secure","a) Very fast","b) Satisfied","a) Always","b) Easy","a) Very much","b) Somewhat accurate","b) Rarely","a) Very transparent","a) Very confident","a) Very easy","b) Supportive","b) Fair","b) Agree","b) Competition","a) Facebook/Instagram","b) Somewhat attractive","Yes","a) Low prices","a) Yes, very beneficial","a) Excellent","b) Often","b) Likely","b) Delivery speed","b) Affordable"
"2025/09/23 4:58:54 pm GMT+5:30","Mayuri Laxman Joshi ","9404056359","a) Social Media","c) Monthly","a) Smartphone","a) Less than 6 months","a) Buyer only","a) Very easy","b) Good","a) Yes, very clear","b) Satisfied","c) Sometimes","c) Similar","c) Rarely","c) Product quality","b) Agree","a) Cash on Delivery (COD)","c) Somewhat secure","c) Average","b) Satisfied","c) Sometimes","b) Easy","c) Neutral","b) Somewhat accurate","c) Sometimes","b) Transparent","c) Neutral","b) Easy","b) Supportive","b) Fair","b) Agree","b) Competition","a) Facebook/Instagram","b) Somewhat attractive","Yes","a) Low prices","b) Somewhat beneficial","b) Good","a) Always","b) Likely","b) Delivery speed","b) Affordable"
"2025/09/23 5:04:48 pm GMT+5:30","Khushi Chaudhari ","9579723686","a) Social Media","a) Daily","a) Smartphone","a) Less than 6 months","a) Buyer only","a) Very easy","a) Excellent","c) Confusing","b) Satisfied","b) Often","b) Slightly cheaper","b) Often","a) Low price","a) Strongly agree","","a) Very secure","b) Fast","b) Satisfied","b) Often y","b) Easy","b) Somewhat","b) Somewhat accurate","b) Rarely","a) Very transparent","a) Very confident","a) Very easy","a) Very supportive","a) Very fair","b) Agree","a) Low profit margin","a) Facebook/Instagram","a) Very attractive","Yes","b) Reselling option","b) Somewhat beneficial","a) Excellent","a) Always","b) Likely","b) Delivery speed","b) Affordable"
"2025/09/23 5:05:43 pm GMT+5:30","Vishakha vinod mahajan ","9579192676","b) Friends/Family","b) Weekly","a) Smartphone","c) 1–2 years","b) Seller only","a) Very easy","a) Excellent","b) Somewhat clear","a) Very satisfied","a) Always","a) Much cheaper","b) Often","b) Discounts/offers","a) Strongly agree","a) Cash on Delivery (COD)","a) Very secure","a) Very fast","a) Very satisfied","a) Always","a) Very easy","a) Very much","a) Very accurate","a) Never","b) Transparent","b) Somewhat confident","c) Difficult","b) Supportive","a) Very fair","b) Agree","b) Competition","a) Facebook/Instagram","b) Somewhat attractive","Yes","a) Low prices","a) Yes, very beneficial","a) Excellent","a) Always","a) Very likely","a) Product quality","b) Affordable"
"2025/09/23 5:09:28 pm GMT+5:30","Nitisha Patil","9404047288","a) Social Media","d) Rarely","c) Laptop/Desktop","b) 6 months – 1 year","b) Seller only","a) Very easy","b) Good","b) Somewhat clear","b) Satisfied","a) Always","a) Much cheaper","a) Yes, always","a) Low price","b) Agree","a) Cash on Delivery (COD)","a) Very secure","a) Very fast","a) Very satisfied","a) Always","a) Very easy","b) Somewhat","a) Very accurate","a) Never","a) Very transparent","b) Somewhat confident","a) Very easy","b) Supportive","a) Very fair","a) Strongly agree","a) Low profit margin","d) Friends/Family","a) Very attractive","Yes","c) Wide product variety","b) Somewhat beneficial","a) Excellent","a) Always","b) Likely","a) Product quality","b) Affordable"
"2025/09/23 5:16:53 pm GMT+5:30","Sai borse","9270554384","a) Social Media","a) Daily","b) Tablet","a) Less than 6 months","a) Buyer only","a) Very easy","a) Excellent","c) Confusing","c) Neutral","c) Sometimes","a) Much cheaper","b) Often","c) Product quality","a) Strongly agree","a) Cash on Delivery (COD)","a) Very secure","b) Fast","c) Neutral","c) Sometimes","b) Easy","c) Neutral","b) Somewhat accurate","a) Never","b) Transparent","b) Somewhat confident","b) Easy","b) Supportive","b) Fair","a) Strongly agree","a) Low profit margin","c) Google Ads","a) Very attractive","Yes","b) Reselling option","a) Yes, very beneficial","a) Excellent","a) Always","b) Likely","a) Product quality","a) Reliable"
"2025/09/23 6:57:49 pm GMT+5:30","Om chaudhari ","8055140174","a) Social Media","a) Daily","a) Smartphone","b) 6 months – 1 year","c) Both","a) Very easy","a) Excellent","a) Yes, very clear","b) Satisfied","b) Often","b) Slightly cheaper","b) Often","b) Discounts/offers","b) Agree","b) UPI","b) Secure","b) Fast","b) Satisfied","b) Often y","b) Easy","b) Somewhat","c) Not very accurate","b) Rarely","c) Not transparent","b) Somewhat confident","b) Easy","b) Supportive","c) Unfair","b) Agree","b) Competition","b) YouTube","b) Somewhat attractive","No","b) Reselling option","b) Somewhat beneficial","c) Average","b) Often","b) Likely","b) Delivery speed","b) Affordable"
"2025/09/23 7:13:15 pm GMT+5:30","Jitendra Chaudhari ","9356843438","a) Social Media","b) Weekly","c) Laptop/Desktop","b) 6 months – 1 year","b) Seller only","b) Easy","b) Good","b) Somewhat clear","c) Neutral","c) Sometimes","b) Slightly cheaper","b) Often","c) Product quality","b) Agree","a) Cash on Delivery (COD)","c) Somewhat secure","c) Average","b) Satisfied","c) Sometimes","c) Difficult","b) Somewhat","b) Somewhat accurate","c) Sometimes","a) Very transparent","c) Neutral","a) Very easy","b) Supportive","c) Unfair","c) Disagree","b) Competition","b) YouTube","b) Somewhat attractive","No","b) Reselling option","c) Not useful","b) Good","b) Often","b) Likely","b) Delivery speed","b) Affordable"
"2025/09/23 7:28:32 pm GMT+5:30","Rahul suresh hade","7820881020","a) Social Media","c) Monthly","a) Smartphone","a) Less than 6 months","a) Buyer only","b) Easy","b) Good","a) Yes, very clear","b) Satisfied","a) Always","a) Much cheaper","a) Yes, always","b) Discounts/offers","b) Agree","a) Cash on Delivery (COD)","a) Very secure","a) Very fast","c) Neutral","a) Always","c) Difficult","b) Somewhat","b) Somewhat accurate","a) Never","a) Very transparent","b) Somewhat confident","a) Very easy","b) Supportive","a) Very fair","c) Disagree","a) Low profit margin","a) Facebook/Instagram","a) Very attractive","Yes","a) Low prices","b) Somewhat beneficial","a) Excellent","a) Always","b) Likely","a) Product quality","a) Reliable"
"2025/09/23 8:32:22 pm GMT+5:30","Neha shimpi","7385171331","b) Friends/Family","c) Monthly","a) Smartphone","a) Less than 6 months","a) Buyer only","b) Easy","b) Good","a) Yes, very clear","b) Satisfied","a) Always","c) Similar","a) Yes, always","d) Reviews","b) Agree","a) Cash on Delivery (COD)","b) Secure","c) Average","b) Satisfied","a) Always","b) Easy","a) Very much","a) Very accurate","a) Never","a) Very transparent","b) Somewhat confident","","","","","","","","","","","c) Average","c) Sometimes","a) Very likely","a) Product quality","c) Average"
"2025/09/23 9:01:30 pm GMT+5:30","Pankaj kumbhar","9712655256","b) Friends/Family","a) Daily","a) Smartphone","a) Less than 6 months","a) Buyer only","a) Very easy","a) Excellent","a) Yes, very clear","a) Very satisfied","a) Always","a) Much cheaper","a) Yes, always","a) Low price","a) Strongly agree","b) UPI","a) Very secure","a) Very fast","a) Very satisfied","a) Always","a) Very easy","a) Very much","a) Very accurate","a) Never","a) Very transparent","a) Very confident","a) Very easy","a) Very supportive","a) Very fair","a) Strongly agree","a) Low profit margin","a) Facebook/Instagram","","","","","a) Excellent","","","",""
"2025/09/23 9:23:19 pm GMT+5:30","Dipak bhoi","9423903940","a) Social Media","a) Daily","b) Tablet","a) Less than 6 months","b) Seller only","b) Easy","b) Good","b) Somewhat clear","b) Satisfied","b) Often","b) Slightly cheaper","b) Often","b) Discounts/offers","c) Disagree","a) Cash on Delivery (COD)","b) Secure","b) Fast","b) Satisfied","b) Often y","b) Easy","b) Somewhat","b) Somewhat accurate","c) Sometimes","c) Not transparent","b) Somewhat confident","b) Easy","a) Very supportive","a) Very fair","a) Strongly agree","b) Competition","a) Facebook/Instagram","a) Very attractive","No","b) Reselling option","b) Somewhat beneficial","a) Excellent","a) Always","b) Likely","b) Delivery speed","a) Reliable"
"2025/09/23 9:34:19 pm GMT+5:30","Sahil chaudhari","9067402831","b) Friends/Family","a) Daily","b) Tablet","b) 6 months – 1 year","a) Buyer only","a) Very easy","c) Average","b) Somewhat clear","b) Satisfied","b) Often","b) Slightly cheaper","b) Often","b) Discounts/offers","b) Agree","b) UPI","c) Somewhat secure","c) Average","a) Very satisfied","b) Often y","b) Easy","b) Somewhat","a) Very accurate","b) Rarely","b) Transparent","c) Neutral","b) Easy","b) Supportive","b) Fair","b) Agree","b) Competition","b) YouTube","a) Very attractive","Yes","","b) Somewhat beneficial","b) Good","a) Always","b) Likely","b) Delivery speed","b) Affordable"
"2025/09/23 10:14:59 pm GMT+5:30","Tanmay Dhakane ","9421182575","","","","","","","","","","","c) Similar","b) Often","b) Discounts/offers","b) Agree","a) Cash on Delivery (COD)","c) Somewhat secure","a) Very fast","b) Satisfied","b) Often y","b) Easy","d) Not at all","b) Somewhat accurate","c) Sometimes","b) Transparent","c) Neutral","b) Easy","d) Very unsupportive","d) Very unfair","b) Agree","b) Competition","c) Google Ads","b) Somewhat attractive","Yes","b) Reselling option","c) Not useful","c) Average","c) Sometimes","a) Very likely","","b) Affordable"
"2025/09/23 10:33:13 pm GMT+5:30","Aarti Sanjay Rajhans ","7385854518","","","","","","","","","","","a) Much cheaper","d) Never","c) Product quality","b) Agree","b) UPI","c) Somewhat secure","b) Fast","b) Satisfied","c) Sometimes","b) Easy","a) Very much","b) Somewhat accurate","a) Never","b) Transparent","a) Very confident","a) Very easy","b) Supportive","c) Unfair","b) Agree","c) Customer complaints/returns","c) Google Ads","a) Very attractive","Yes","b) Reselling option","c) Not useful","b) Good","a) Always","b) Likely","b) Delivery speed","c) Average"
"2025/09/24 7:19:11 am GMT+5:30","Rushikesh patli ","7507221477","","","","","","","","","","","a) Much cheaper","a) Yes, always","a) Low price","b) Agree","a) Cash on Delivery (COD)","a) Very secure","b) Fast","b) Satisfied","b) Often y","d) Very difficult","a) Very much","a) Very accurate","a) Never","a) Very transparent","a) Very confident","a) Very easy","a) Very supportive","a) Very fair","a) Strongly agree","b) Competition","a) Facebook/Instagram","a) Very attractive","Yes","a) Low prices","a) Yes, very beneficial","a) Excellent","c) Sometimes","b) Likely","b) Delivery speed",""
"2025/09/24 10:14:15 am GMT+5:30","Megha R. Prajapati ","9527074812","","","","","","","","","","","c) Similar","b) Often","b) Discounts/offers","b) Agree","a) Cash on Delivery (COD)","c) Somewhat secure","c) Average","b) Satisfied","c) Sometimes","b) Easy","b) Somewhat","b) Somewhat accurate","c) Sometimes","b) Transparent","b) Somewhat confident","","","","","","a) Facebook/Instagram","a) Very attractive","Yes","c) Wide product variety","b) Somewhat beneficial","a) Excellent","a) Always","a) Very likely","c) Return/refund policy","a) Reliable"
"2025/09/24 11:31:00 am GMT+5:30","Amruta ","7507798370","","","","","","","","","","","b) Slightly cheaper","b) Often","b) Discounts/offers","b) Agree","a) Cash on Delivery (COD)","","c) Average","b) Satisfied","b) Often y","b) Easy","c) Neutral","b) Somewhat accurate","a) Never","b) Transparent","c) Neutral","b) Easy","b) Supportive","b) Fair","b) Agree","","","b) Somewhat attractive","No","b) Reselling option","b) Somewhat beneficial","b) Good","b) Often","b) Likely","b) Delivery speed","b) Affordable"
"2025/09/24 11:44:49 am GMT+5:30","Mayuri Sachin Sonawane ","8669983385","","","","","","","","","","","c) Similar","a) Yes, always","d) Reviews","b) Agree","a) Cash on Delivery (COD)","d) Not secure","b) Fast","a) Very satisfied","a) Always","a) Very easy","b) Somewhat","b) Somewhat accurate","c) Sometimes","c) Not transparent","a) Very confident","a) Very easy","a) Very supportive","b) Fair","b) Agree","b) Competition","a) Facebook/Instagram","b) Somewhat attractive","Yes","a) Low prices","a) Yes, very beneficial","b) Good","b) Often","b) Likely","a) Product quality","a) Reliable"
"2025/09/24 12:22:48 pm GMT+5:30","Rohit Sambhaji Thankar","9158353282","","","","","","","","","","","b) Slightly cheaper","c) Rarely","c) Product quality","c) Disagree","a) Cash on Delivery (COD)","b) Secure","b) Fast","b) Satisfied","a) Always","b) Easy","b) Somewhat","c) Not very accurate","b) Rarely","b) Transparent","a) Very confident","b) Easy","b) Supportive","b) Fair","a) Strongly agree","b) Competition","a) Facebook/Instagram","a) Very attractive","No","c) Wide product variety","a) Yes, very beneficial","b) Good","c) Sometimes","b) Likely","a) Product quality","a) Reliable"
"2025/09/24 12:40:45 pm GMT+5:30","Devesh Sudhakar Chaudhari ","7498963615","","","","","","","","","","","a) Much cheaper","a) Yes, always","a) Low price","a) Strongly agree","a) Cash on Delivery (COD)","a) Very secure","c) Average","b) Satisfied","a) Always","a) Very easy","b) Somewhat","b) Somewhat accurate","b) Rarely","b) Transparent","d) Not confident","a) Very easy","a) Very supportive","d) Very unfair","a) Strongly agree","b) Competition","b) YouTube","b) Somewhat attractive","Yes","b) Reselling option","a) Yes, very beneficial","a) Excellent","b) Often","b) Likely","b) Delivery speed","b) Affordable"
"2025/09/24 12:42:37 pm GMT+5:30","Amir khan","8765498012","","","","","","","","","","","a) Much cheaper","a) Yes, always","a) Low price","a) Strongly agree","a) Cash on Delivery (COD)","a) Very secure","a) Very fast","a) Very satisfied","a) Always","a) Very easy","a) Very much","a) Very accurate","a) Never","a) Very transparent","a) Very confident","a) Very easy","a) Very supportive","a) Very fair","b) Agree","a) Low profit margin","a) Facebook/Instagram","a) Very attractive","Yes","a) Low prices","a) Yes, very beneficial","a) Excellent","a) Always","a) Very likely","a) Product quality","a) Reliable"
"2025/09/24 1:28:31 pm GMT+5:30","Nandini Patil ","9518300305","","","","","","","","","","","b) Slightly cheaper","b) Often","a) Low price","a) Strongly agree","b) UPI","b) Secure","a) Very fast","b) Satisfied","a) Always","a) Very easy","a) Very much","b) Somewhat accurate","b) Rarely","a) Very transparent","a) Very confident","a) Very easy","b) Supportive","b) Fair","b) Agree","b) Competition","b) YouTube","a) Very attractive","Yes","b) Reselling option","b) Somewhat beneficial","a) Excellent","b) Often","b) Likely","b) Delivery speed","a) Reliable"
"2025/09/24 1:41:06 pm GMT+5:30","Rohit Chaudhari ","9529048481","","","","","","","","","","","a) Much cheaper","a) Yes, always","a) Low price","a) Strongly agree","a) Cash on Delivery (COD)","b) Secure","a) Very fast","b) Satisfied","a) Always","a) Very easy","a) Very much","b) Somewhat accurate","b) Rarely","c) Not transparent","b) Somewhat confident","d) Very difficult","a) Very supportive","b) Fair","c) Disagree","a) Low profit margin","b) YouTube","b) Somewhat attractive","Yes","a) Low prices","a) Yes, very beneficial","a) Excellent","a) Always","a) Very likely","a) Product quality","a) Reliable"
"2025/09/24 2:07:43 pm GMT+5:30","Dipavali baghvan patil","7499229651","","","","","","","","","","","b) Slightly cheaper","c) Rarely","a) Low price","a) Strongly agree","b) UPI","c) Somewhat secure","b) Fast","b) Satisfied","c) Sometimes","c) Difficult","a) Very much","","a) Never","b) Transparent","b) Somewhat confident","c) Difficult","c) Unsupportive","c) Unfair","d) Strongly disagree","b) Competition","a) Facebook/Instagram","a) Very attractive","No","c) Wide product variety","a) Yes, very beneficial","b) Good","b) Often","c) Unlikely","b) Delivery speed","a) Reliable"
"2025/09/24 2:43:34 pm GMT+5:30","Meghana Gopal Mahajan ","8767051127","","","","","","","","","","","a) Much cheaper","a) Yes, always","a) Low price","a) Strongly agree","a) Cash on Delivery (COD)","a) Very secure","a) Very fast","a) Very satisfied","a) Always","a) Very easy","a) Very much","a) Very accurate","a) Never","a) Very transparent","a) Very confident","a) Very easy","a) Very supportive","a) Very fair","a) Strongly agree","a) Low profit margin","a) Facebook/Instagram","a) Very attractive","Yes","a) Low prices","a) Yes, very beneficial","a) Excellent","a) Always","a) Very likely","a) Product quality","a) Reliable"
"2025/09/24 3:47:45 pm GMT+5:30","Radhika Patil ","7620988841","","","","","","","","","","","a) Much cheaper","a) Yes, always","b) Discounts/offers","b) Agree","b) UPI","a) Very secure","b) Fast","a) Very satisfied","a) Always","a) Very easy","a) Very much","b) Somewhat accurate","a) Never","a) Very transparent","a) Very confident","a) Very easy","b) Supportive","b) Fair","b) Agree","a) Low profit margin","d) Friends/Family","a) Very attractive","Yes","a) Low prices","a) Yes, very beneficial","b) Good","a) Always","a) Very likely","a) Product quality","a) Reliable"
"2025/09/24 4:04:01 pm GMT+5:30","Pooja lohar","+91 70202 62752","","","","","","","","","","","a) Much cheaper","a) Yes, always","b) Discounts/offers","a) Strongly agree","a) Cash on Delivery (COD)","b) Secure","b) Fast","b) Satisfied","a) Always","a) Very easy","a) Very much","a) Very accurate","b) Rarely","a) Very transparent","a) Very confident","b) Easy","a) Very supportive","b) Fair","b) Agree","b) Competition","b) YouTube","b) Somewhat attractive","Yes","a) Low prices","b) Somewhat beneficial","b) Good","b) Often","b) Likely","b) Delivery speed","b) Affordable"
"2025/09/24 7:47:11 pm GMT+5:30","","","","","","","","","","","","","","","","","","","","","","","","","","","","","","","","","","","","","","","","","",""
"2025/09/25 11:38:21 am GMT+5:30","Pawan Nikam ","9404644227","a) Social Media","d) Rarely","c) Laptop/Desktop","b) 6 months – 1 year","c) Both","a) Very easy","b) Good","b) Somewhat clear","b) Satisfied","d) Rarely","c) Similar","c) Rarely","b) Discounts/offers","d) Strongly disagree","c) Debit/Credit Card","d) Not secure","b) Fast","c) Neutral","c) Sometimes","d) Very difficult","c) Neutral","a) Very accurate","d) Often","c) Not transparent","c) Neutral","d) Very difficult","c) Unsupportive","b) Fair","c) Disagree","a) Low profit margin","c) Google Ads","d) Not attractive","No","d) Easy returns","c) Not useful","b) Good","c) Sometimes","d) Very unlikely","c) Return/refund policy","b) Affordable"
"2025/09/25 11:39:29 am GMT+5:30","Mandar Gangurde ","8830487182","c) Advertisement","c) Monthly","d) Other","b) 6 months – 1 year","b) Seller only","b) Easy","a) Excellent","a) Yes, very clear","b) Satisfied","","b) Slightly cheaper","b) Often","a) Low price","b) Agree","a) Cash on Delivery (COD)","b) Secure","a) Very fast","b) Satisfied","b) Often y","b) Easy","c) Neutral","a) Very accurate","a) Never","c) Not transparent","b) Somewhat confident","a) Very easy","c) Unsupportive","b) Fair","","a) Low profit margin","b) YouTube","c) Neutral","Yes","a) Low prices","a) Yes, very beneficial","b) Good","a) Always","a) Very likely","a) Product quality","c) Average"
"2025/09/25 11:41:05 am GMT+5:30","Meghana mahajan ","8767051127","b) Friends/Family","a) Daily","a) Smartphone","b) 6 months – 1 year","b) Seller only","a) Very easy","b) Good","b) Somewhat clear","a) Very satisfied","b) Often","b) Slightly cheaper","b) Often","b) Discounts/offers","b) Agree","b) UPI","b) Secure","b) Fast","b) Satisfied","c) Sometimes","b) Easy","a) Very much","a) Very accurate","a) Never","c) Not transparent","b) Somewhat confident","b) Easy","b) Supportive","b) Fair","b) Agree","b) Competition","b) YouTube","b) Somewhat attractive","Yes","b) Reselling option","b) Somewhat beneficial","b) Good","b) Often","b) Likely","b) Delivery speed","b) Affordable"
"2025/09/25 1:49:58 pm GMT+5:30","Devendra Abhay Bhavsar ","9322780880","a) Social Media","b) Weekly","b) Tablet","a) Less than 6 months","b) Seller only","b) Easy","a) Excellent","c) Confusing","b) Satisfied","a) Always","c) Similar","b) Often","a) Low price","c) Disagree","a) Cash on Delivery (COD)","d) Not secure","d) Slow","c) Neutral","a) Always","a) Very easy","a) Very much","a) Very accurate","c) Sometimes","c) Not transparent","a) Very confident","d) Very difficult","b) Supportive","b) Fair","a) Strongly agree","c) Customer complaints/returns","a) Facebook/Instagram","b) Somewhat attractive","No","b) Reselling option","b) Somewhat beneficial","d) Poor","d) Never","a) Very likely","b) Delivery speed","b) Affordable"
"2025/09/25 1:59:38 pm GMT+5:30","Rushikesh ","9561297870","b) Friends/Family","b) Weekly","a) Smartphone","b) 6 months – 1 year","a) Buyer only","a) Very easy","b) Good","a) Yes, very clear","b) Satisfied","b) Often","a) Much cheaper","b) Often","c) Product quality","c) Disagree","c) Debit/Credit Card","c) Somewhat secure","a) Very fast","b) Satisfied","d) Rarel","c) Difficult","a) Very much","b) Somewhat accurate","c) Sometimes","b) Transparent","c) Neutral","a) Very easy","b) Supportive","c) Unfair","c) Disagree","c) Customer complaints/returns","a) Facebook/Instagram","b) Somewhat attractive","Yes","d) Easy returns","d) Never tried","a) Excellent","b) Often","b) Likely","c) Return/refund policy","b) Affordable"
"2025/09/25 4:10:35 pm GMT+5:30","Razeen shaikh ","7385210679","c) Advertisement","d) Rarely","a) Smartphone","b) 6 months – 1 year","a) Buyer only","b) Easy","b) Good","b) Somewhat clear","c) Neutral","a) Always","a) Much cheaper","b) Often","c) Product quality","d) Strongly disagree","a) Cash on Delivery (COD)","d) Not secure","c) Average","d) Dissatisfied","d) Rarel","d) Very difficult","c) Neutral","d) Misleading","b) Rarely","a) Very transparent","a) Very confident","a) Very easy","c) Unsupportive","c) Unfair","b) Agree","b) Competition","c) Google Ads","a) Very attractive","Yes","c) Wide product variety","d) Never tried","a) Excellent","a) Always","a) Very likely","a) Product quality","a) Reliable"
"2025/09/25 6:47:25 pm GMT+5:30","Ashwini mangesh pingale","8080549716","a) Social Media","d) Rarely","a) Smartphone","b) 6 months – 1 year","a) Buyer only","a) Very easy","a) Excellent","a) Yes, very clear","a) Very satisfied","a) Always","c) Similar","a) Yes, always","a) Low price","a) Strongly agree","b) UPI","b) Secure","a) Very fast","b) Satisfied","a) Always","b) Easy","a) Very much","b) Somewhat accurate","b) Rarely","b) Transparent","a) Very confident","b) Easy","b) Supportive","b) Fair","b) Agree","b) Competition","d) Friends/Family","a) Very attractive","No","a) Low prices","b) Somewhat beneficial","b) Good","a) Always","b) Likely","a) Product quality","b) Affordable"
"2025/09/25 10:05:14 pm GMT+5:30","Jitendra patil","7558343475","a) Social Media","a) Daily","a) Smartphone","a) Less than 6 months","b) Seller only","b) Easy","b) Good","b) Somewhat clear","b) Satisfied","a) Always","a) Much cheaper","d) Never","d) Reviews","a) Strongly agree","a) Cash on Delivery (COD)","b) Secure","c) Average","d) Dissatisfied","a) Always","c) Difficult","a) Very much","d) Misleading","d) Often","c) Not transparent","d) Not confident","a) Very easy","a) Very supportive","b) Fair","b) Agree","a) Low profit margin","a) Facebook/Instagram","b) Somewhat attractive","Yes","c) Wide product variety","c) Not useful","a) Excellent","c) Sometimes","c) Unlikely","b) Delivery speed","b) Affordable"
"2025/09/26 2:40:48 pm GMT+5:30","Nidhi","9975504583","c) Advertisement","c) Monthly","c) Laptop/Desktop","b) 6 months – 1 year","a) Buyer only","a) Very easy","a) Excellent","c) Confusing","a) Very satisfied","c) Sometimes","a) Much cheaper","c) Rarely","c) Product quality","c) Disagree","b) UPI","a) Very secure","b) Fast","c) Neutral","b) Often y","b) Easy","a) Very much","b) Somewhat accurate","c) Sometimes","d) Very confusing","c) Neutral","b) Easy","a) Very supportive","b) Fair","b) Agree","c) Customer complaints/returns","c) Google Ads","c) Neutral","Yes","c) Wide product variety","a) Yes, very beneficial","c) Average","b) Often","a) Very likely","a) Product quality","a) Reliable"
"2025/09/26 2:46:18 pm GMT+5:30","Pooja dhanraj nemade ","9270014192","a) Social Media","c) Monthly","b) Tablet","b) 6 months – 1 year","a) Buyer only","b) Easy","a) Excellent","c) Confusing","a) Very satisfied","c) Sometimes","d) More expensive","a) Yes, always","b) Discounts/offers","c) Disagree","a) Cash on Delivery (COD)","b) Secure","d) Slow","c) Neutral","a) Always","a) Very easy","b) Somewhat","c) Not very accurate","b) Rarely","d) Very confusing","b) Somewhat confident","a) Very easy","c) Unsupportive","b) Fair","d) Strongly disagree","a) Low profit margin","b) YouTube","b) Somewhat attractive","Yes","d) Easy returns","b) Somewhat beneficial","a) Excellent","b) Often","b) Likely","a) Product quality","c) Average"
"2025/09/26 5:45:43 pm GMT+5:30","komal Yogeshchandra mahale ","7387110581","a) Social Media","c) Monthly","b) Tablet","b) 6 months – 1 year","b) Seller only","b) Easy","a) Excellent","a) Yes, very clear","b) Satisfied","c) Sometimes","b) Slightly cheaper","b) Often","b) Discounts/offers","a) Strongly agree","b) UPI","b) Secure","a) Very fast","a) Very satisfied","a) Always","b) Easy","b) Somewhat","b) Somewhat accurate","b) Rarely","b) Transparent","c) Neutral","a) Very easy","b) Supportive","","b) Agree","b) Competition","a) Facebook/Instagram","b) Somewhat attractive","Yes","a) Low prices","b) Somewhat beneficial","a) Excellent","b) Often","b) Likely","c) Return/refund policy","b) Affordable"
"2025/09/26 7:07:25 pm GMT+5:30","Priti Bhagwat Pardeshi ","7774839897","a) Social Media","d) Rarely","a) Smartphone","b) 6 months – 1 year","a) Buyer only","a) Very easy","c) Average","a) Yes, very clear","b) Satisfied","c) Sometimes","c) Similar","a) Yes, always","c) Product quality","b) Agree","a) Cash on Delivery (COD)","b) Secure","c) Average","b) Satisfied","c) Sometimes","a) Very easy","d) Not at all","a) Very accurate","c) Sometimes","c) Not transparent","c) Neutral","a) Very easy","b) Supportive","b) Fair","b) Agree","c) Customer complaints/returns","a) Facebook/Instagram","c) Neutral","Yes","c) Wide product variety","a) Yes, very beneficial","b) Good","a) Always","b) Likely","b) Delivery speed","c) Average"
"2025/09/27 11:52:23 am GMT+5:30","Shrikant Koli ","9284342838","a) Social Media","c) Monthly","a) Smartphone","c) 1–2 years","a) Buyer only","a) Very easy","a) Excellent","a) Yes, very clear","b) Satisfied","a) Always","c) Similar","d) Never","a) Low price","b) Agree","a) Cash on Delivery (COD)","a) Very secure","a) Very fast","b) Satisfied","b) Often y","a) Very easy","a) Very much","a) Very accurate","a) Never","a) Very transparent","c) Neutral","a) Very easy","b) Supportive","b) Fair","b) Agree","b) Competition","a) Facebook/Instagram","a) Very attractive","Yes","a) Low prices","a) Yes, very beneficial","a) Excellent","a) Always","b) Likely","a) Product quality","a) Reliable"
"2025/09/28 9:54:55 am GMT+5:30","Jagruti Rajput","7709921381","c) Advertisement","c) Monthly","b) Tablet","b) 6 months – 1 year","b) Seller only","b) Easy","","b) Somewhat clear","c) Neutral","b) Often","d) More expensive","a) Yes, always","a) Low price","a) Strongly agree","a) Cash on Delivery (COD)","c) Somewhat secure","c) Average","c) Neutral","b) Often y","c) Difficult","a) Very much","b) Somewhat accurate","d) Often","b) Transparent","a) Very confident","b) Easy","c) Unsupportive","b) Fair","d) Strongly disagree","d) Payment delays","a) Facebook/Instagram","a) Very attractive","No","d) Easy returns","c) Not useful","a) Excellent","d) Never","b) Likely","d) Customer support","a) Reliable"
"2025/09/28 6:11:04 pm GMT+5:30","Mukesh Choudhary ","9545072941","b) Friends/Family","c) Monthly","a) Smartphone","d) More than 2 years","a) Buyer only","b) Easy","b) Good","a) Yes, very clear","b) Satisfied","d) Rarely","a) Much cheaper","b) Often","c) Product quality","d) Strongly disagree","a) Cash on Delivery (COD)","b) Secure","c) Average","d) Dissatisfied","d) Rarel","a) Very easy","b) Somewhat","c) Not very accurate","d) Often","a) Very transparent","b) Somewhat confident","c) Difficult","d) Very unsupportive","a) Very fair","b) Agree","c) Customer complaints/returns","d) Friends/Family","a) Very attractive","No","c) Wide product variety","d) Never tried","a) Excellent","c) Sometimes","b) Likely","d) Customer support","a) Reliable"
"2025/09/28 6:21:48 pm GMT+5:30","Vaishali chaudhari","9764630079","a) Social Media","a) Daily","a) Smartphone","a) Less than 6 months","a) Buyer only","a) Very easy","a) Excellent","","a) Very satisfied","a) Always","a) Much cheaper","a) Yes, always","a) Low price","a) Strongly agree","a) Cash on Delivery (COD)","a) Very secure","a) Very fast","a) Very satisfied","a) Always","a) Very easy","a) Very much","a) Very accurate","a) Never","a) Very transparent","b) Somewhat confident","a) Very easy","a) Very supportive","a) Very fair","b) Agree","a) Low profit margin","a) Facebook/Instagram","a) Very attractive","Yes","b) Reselling option","a) Yes, very beneficial","a) Excellent","a) Always","a) Very likely","a) Product quality","a) Reliable"
"2025/09/28 6:25:15 pm GMT+5:30","Manisha chaudhari ","7796558490","a) Social Media","b) Weekly","c) Laptop/Desktop","d) More than 2 years","a) Buyer only","b) Easy","c) Average","d) Very confusing","a) Very satisfied","b) Often","c) Similar","d) Never","a) Low price","b) Agree","c) Debit/Credit Card","d) Not secure","a) Very fast","b) Satisfied","c) Sometimes","d) Very difficult","a) Very much","b) Somewhat accurate","c) Sometimes","d) Very confusing","a) Very confident","d) Very difficult","a) Very supportive","b) Fair","c) Disagree","d) Payment delays","a) Facebook/Instagram","b) Somewhat attractive","No","c) Wide product variety","d) Never tried","a) Excellent","c) Sometimes","b) Likely","d) Customer support","a) Reliable"
"2025/09/28 6:27:00 pm GMT+5:30","Yogita chaudhari","7887428839","a) Social Media","a) Daily","c) Laptop/Desktop","d) More than 2 years","a) Buyer only","b) Easy","c) Average","d) Very confusing","a) Very satisfied","b) Often","d) More expensive","a) Yes, always","b) Discounts/offers","c) Disagree","d) Net Banking","a) Very secure","b) Fast","c) Neutral","d) Rarel","a) Very easy","a) Very much","a) Very accurate","b) Rarely","a) Very transparent","a) Very confident","a) Very easy","a) Very supportive","a) Very fair","b) Agree","b) Competition","a) Facebook/Instagram","a) Very attractive","Yes","a) Low prices","a) Yes, very beneficial","a) Excellent","c) Sometimes","b) Likely","a) Product quality","a) Reliable"
"2025/09/30 11:58:16 am GMT+5:30","Yogitaaa","7718037414","a) Social Media","a) Daily","a) Smartphone","c) 1–2 years","a) Buyer only","a) Very easy","b) Good","b) Somewhat clear","b) Satisfied","b) Often","a) Much cheaper","a) Yes, always","a) Low price","a) Strongly agree","a) Cash on Delivery (COD)","b) Secure","d) Slow","b) Satisfied","c) Sometimes","a) Very easy","a) Very much","a) Very accurate","b) Rarely","b) Transparent","a) Very confident","a) Very easy","a) Very supportive","b) Fair","a) Strongly agree","b) Competition","a) Facebook/Instagram","b) Somewhat attractive","No","a) Low prices","b) Somewhat beneficial","a) Excellent","c) Sometimes","b) Likely","a) Product quality","a) Reliable"
"2025/09/30 6:50:04 pm GMT+5:30","Bhushan sonar ","9595901590","a) Social Media","a) Daily","b) Tablet","b) 6 months – 1 year","a) Buyer only","a) Very easy","a) Excellent","a) Yes, very clear","b) Satisfied","b) Often","a) Much cheaper","b) Often","b) Discounts/offers","b) Agree","b) UPI","b) Secure","b) Fast","c) Neutral","b) Often y","b) Easy","b) Somewhat","c) Not very accurate","b) Rarely","b) Transparent","b) Somewhat confident","b) Easy","b) Supportive","c) Unfair","b) Agree","c) Customer complaints/returns","b) YouTube","b) Somewhat attractive","Yes","a) Low prices","b) Somewhat beneficial","b) Good","b) Often","b) Likely","b) Delivery speed","b) Affordable"
"2025/10/03 1:22:00 pm GMT+5:30","komal mahale ","7387110581","b) Friends/Family","c) Monthly","b) Tablet","b) 6 months – 1 year","b) Seller only","c) Difficult","b) Good","b) Somewhat clear","b) Satisfied","b) Often","b) Slightly cheaper","a) Yes, always","a) Low price","b) Agree","b) UPI","a) Very secure","b) Fast","b) Satisfied","b) Often y","c) Difficult","b) Somewhat","d) Misleading","b) Rarely","b) Transparent","b) Somewhat confident","c) Difficult","c) Unsupportive","c) Unfair","b) Agree","c) Customer complaints/returns","c) Google Ads","b) Somewhat attractive","Yes","c) Wide product variety","b) Somewhat beneficial","a) Excellent","a) Always","a) Very likely","d) Customer support","c) Average"
"2025/10/04 12:55:24 pm GMT+5:30","+91 70289 76181","Priya lohar","a) Social Media","c) Monthly","a) Smartphone","b) 6 months – 1 year","b) Seller only","b) Easy","b) Good","b) Somewhat clear","b) Satisfied","a) Always","b) Slightly cheaper","a) Yes, always","b) Discounts/offers","b) Agree","c) Debit/Credit Card","b) Secure","b) Fast","b) Satisfied","b) Often y","b) Easy","b) Somewhat","b) Somewhat accurate","a) Never","b) Transparent","a) Very confident","b) Easy","b) Supportive","a) Very fair","a) Strongly agree","a) Low profit margin","b) YouTube","b) Somewhat attractive","Yes","b) Reselling option","b) Somewhat beneficial","b) Good","b) Often","b) Likely","b) Delivery speed","b) Affordable"
"2025/10/04 1:05:02 pm GMT+5:30","Bhumika chavan","8856820419","a) Social Media","b) Weekly","d) Other","a) Less than 6 months","b) Seller only","a) Very easy","b) Good","b) Somewhat clear","b) Satisfied","b) Often","b) Slightly cheaper","a) Yes, always","a) Low price","a) Strongly agree","a) Cash on Delivery (COD)","a) Very secure","c) Average","c) Neutral","b) Often y","a) Very easy","a) Very much","b) Somewhat accurate","a) Never","b) Transparent","b) Somewhat confident","a) Very easy","b) Supportive","b) Fair","b) Agree","c) Customer complaints/returns","a) Facebook/Instagram","a) Very attractive","Yes","a) Low prices","c) Not useful","a) Excellent","b) Often","b) Likely","b) Delivery speed","a) Reliable"
"2025/10/06 7:00:50 pm GMT+5:30","Pratibha ","8780395861","c) Advertisement","c) Monthly","a) Smartphone","c) 1–2 years","a) Buyer only","b) Easy","b) Good","b) Somewhat clear","c) Neutral","c) Sometimes","c) Similar","b) Often","d) Reviews","b) Agree","b) UPI","b) Secure","c) Average","b) Satisfied","c) Sometimes","b) Easy","b) Somewhat","b) Somewhat accurate","c) Sometimes","b) Transparent","b) Somewhat confident","b) Easy","b) Supportive","b) Fair","b) Agree","c) Customer complaints/returns","a) Facebook/Instagram","b) Somewhat attractive","No","d) Easy returns","b) Somewhat beneficial","","","","",""
"2025/10/06 7:38:38 pm GMT+5:30","Kunal koli","7822869033","a) Social Media","c) Monthly","a) Smartphone","a) Less than 6 months","c) Both","b) Easy","b) Good","a) Yes, very clear","b) Satisfied","c) Sometimes","a) Much cheaper","a) Yes, always","b) Discounts/offers","b) Agree","a) Cash on Delivery (COD)","a) Very secure","a) Very fast","b) Satisfied","c) Sometimes","b) Easy","a) Very much","a) Very accurate","c) Sometimes","c) Not transparent","b) Somewhat confident","c) Difficult","c) Unsupportive","b) Fair","b) Agree","b) Competition","b) YouTube","b) Somewhat attractive","Yes","b) Reselling option","b) Somewhat beneficial","b) Good","b) Often","b) Likely","a) Product quality","b) Affordable"
"2025/10/06 8:28:43 pm GMT+5:30","Gopal","9730530639","","","","","","","","","","","","","","","","","","","","","","","","","","","","","","","","","","","","","","","",""
"2025/10/06 8:57:02 pm GMT+5:30","Pallavi Aakash Tandulkar ","8793515352","b) Friends/Family","b) Weekly","a) Smartphone","b) 6 months – 1 year","a) Buyer only","a) Very easy","b) Good","a) Yes, very clear","b) Satisfied","b) Often","b) Slightly cheaper","b) Often","a) Low price","a) Strongly agree","a) Cash on Delivery (COD)","a) Very secure","a) Very fast","a) Very satisfied","a) Always","a) Very easy","b) Somewhat","b) Somewhat accurate","b) Rarely","b) Transparent","a) Very confident","b) Easy","b) Supportive","b) Fair","b) Agree","b) Competition","a) Facebook/Instagram","b) Somewhat attractive","Yes","a) Low prices","a) Yes, very beneficial","b) Good","b) Often","b) Likely","a) Product quality","b) Affordable"
"2025/10/06 11:10:04 pm GMT+5:30","Tejashree Prashant Dhake","8275024879","a) Social Media","d) Rarely","a) Smartphone","a) Less than 6 months","a) Buyer only","b) Easy","b) Good","d) Very confusing","c) Neutral","b) Often","c) Similar","c) Rarely","d) Reviews","b) Agree","a) Cash on Delivery (COD)","b) Secure","c) Average","c) Neutral","b) Often y","c) Difficult","c) Neutral","b) Somewhat accurate","a) Never","b) Transparent","c) Neutral","b) Easy","b) Supportive","b) Fair","b) Agree","a) Low profit margin","b) YouTube","a) Very attractive","No","a) Low prices","a) Yes, very beneficial","b) Good","a) Always","b) Likely","c) Return/refund policy","a) Reliable"
"2025/10/07 2:20:52 pm GMT+5:30","MAYUR Pradip patil ","8329854717","b) Friends/Family","d) Rarely","a) Smartphone","a) Less than 6 months","a) Buyer only","a) Very easy","b) Good","a) Yes, very clear","d) Dissatisfied","b) Often","a) Much cheaper","d) Never","b) Discounts/offers","","c) Debit/Credit Card","b) Secure","d) Slow","a) Very satisfied","c) Sometimes","c) Difficult","a) Very much","b) Somewhat accurate","b) Rarely","b) Transparent","b) Somewhat confident","a) Very easy","c) Unsupportive","a) Very fair","a) Strongly agree","c) Customer complaints/returns","b) YouTube","b) Somewhat attractive","Yes","c) Wide product variety","b) Somewhat beneficial","a) Excellent","a) Always","a) Very likely","b) Delivery speed","b) Affordable"
"2025/10/08 1:13:47 pm GMT+5:30","Kishor ajalsonde","830067226","d) Other","c) Monthly","a) Smartphone","b) 6 months – 1 year","b) Seller only","a) Very easy","b) Good","a) Yes, very clear","b) Satisfied","a) Always","d) More expensive","a) Yes, always","b) Discounts/offers","b) Agree","a) Cash on Delivery (COD)","b) Secure","a) Very fast","b) Satisfied","a) Always","b) Easy","c) Neutral","a) Very accurate","a) Never","b) Transparent","a) Very confident","b) Easy","b) Supportive","b) Fair","b) Agree","b) Competition","a) Facebook/Instagram","a) Very attractive","Yes","a) Low prices","a) Yes, very beneficial","b) Good","a) Always","b) Likely","c) Return/refund policy","a) Reliable"
"2025/10/08 1:31:21 pm GMT+5:30","Vaibhav kumbhar","9322190335","b) Friends/Family","b) Weekly","a) Smartphone","a) Less than 6 months","b) Seller only","a) Very easy","b) Good","a) Yes, very clear","a) Very satisfied","a) Always","a) Much cheaper","a) Yes, always","d) Reviews","a) Strongly agree","a) Cash on Delivery (COD)","a) Very secure","a) Very fast","a) Very satisfied","a) Always","b) Easy","c) Neutral","c) Not very accurate","b) Rarely","d) Very confusing","d) Not confident","a) Very easy","","c) Unfair","a) Strongly agree","a) Low profit margin","a) Facebook/Instagram","d) Not attractive","Yes","a) Low prices","a) Yes, very beneficial","a) Excellent","a) Always","a) Very likely","a) Product quality","a) Reliable"
"2025/10/08 1:52:49 pm GMT+5:30","Yashaswi kumbhar","9371772626","a) Social Media","c) Monthly","a) Smartphone","d) More than 2 years","a) Buyer only","a) Very easy","b) Good","b) Somewhat clear","b) Satisfied","b) Often","b) Slightly cheaper","b) Often","a) Low price","b) Agree","a) Cash on Delivery (COD)","b) Secure","b) Fast","b) Satisfied","b) Often y","b) Easy","c) Neutral","b) Somewhat accurate","b) Rarely","b) Transparent","a) Very confident","b) Easy","b) Supportive","b) Fair","b) Agree","b) Competition","a) Facebook/Instagram","a) Very attractive","Yes","a) Low prices","a) Yes, very beneficial","b) Good","b) Often","a) Very likely","b) Delivery speed","b) Affordable"
"2025/10/08 1:53:20 pm GMT+5:30","Rohinee mohan sapkale","8623858059","a) Social Media","c) Monthly","a) Smartphone","b) 6 months – 1 year","a) Buyer only","b) Easy","b) Good","a) Yes, very clear","b) Satisfied","c) Sometimes","c) Similar","b) Often","a) Low price","b) Agree","a) Cash on Delivery (COD)","b) Secure","c) Average","b) Satisfied","c) Sometimes","c) Difficult","b) Somewhat","a) Very accurate","a) Never","b) Transparent","c) Neutral","b) Easy","b) Supportive","b) Fair","b) Agree","c) Customer complaints/returns","b) YouTube","b) Somewhat attractive","No","a) Low prices","b) Somewhat beneficial","b) Good","b) Often","b) Likely","b) Delivery speed","b) Affordable"
"2025/10/08 2:50:03 pm GMT+5:30","Geeta","7038296898","b) Friends/Family","d) Rarely","a) Smartphone","a) Less than 6 months","c) Both","b) Easy","b) Good","a) Yes, very clear","b) Satisfied","a) Always","c) Similar","b) Often","d) Reviews","b) Agree","a) Cash on Delivery (COD)","b) Secure","b) Fast","b) Satisfied","c) Sometimes","b) Easy","c) Neutral","a) Very accurate","b) Rarely","b) Transparent","b) Somewhat confident","b) Easy","b) Supportive","b) Fair","b) Agree","b) Competition","a) Facebook/Instagram","a) Very attractive","Yes","c) Wide product variety","b) Somewhat beneficial","b) Good","a) Always","b) Likely","a) Product quality","a) Reliable"
"2025/10/08 2:52:30 pm GMT+5:30","Pranav","8767457743","a) Social Media","a) Daily","a) Smartphone","a) Less than 6 months","a) Buyer only","a) Very easy","c) Average","a) Yes, very clear","b) Satisfied","","a) Much cheaper","b) Often","b) Discounts/offers","","a) Cash on Delivery (COD)","d) Not secure","a) Very fast","a) Very satisfied","a) Always","a) Very easy","a) Very much","a) Very accurate","a) Never","b) Transparent","b) Somewhat confident","b) Easy","a) Very supportive","b) Fair","b) Agree","b) Competition","b) YouTube","b) Somewhat attractive","Yes","b) Reselling option","a) Yes, very beneficial","b) Good","c) Sometimes","c) Unlikely","c) Return/refund policy","b) Affordable"
"2025/10/08 4:19:30 pm GMT+5:30","","","a) Social Media","d) Rarely","a) Smartphone","a) Less than 6 months","d) Neither","b) Easy","c) Average","b) Somewhat clear","c) Neutral","","c) Similar","a) Yes, always","c) Product quality","b) Agree","a) Cash on Delivery (COD)","d) Not secure","d) Slow","c) Neutral","b) Often y","b) Easy","","","","","","","","","","","","","","","","","","","",""
"2025/10/08 4:56:46 pm GMT+5:30","Harshita Ishwar pawar","9021636535","b) Friends/Family","c) Monthly","a) Smartphone","c) 1–2 years","a) Buyer only","b) Easy","c) Average","a) Yes, very clear","c) Neutral","a) Always","d) More expensive","b) Often","c) Product quality","b) Agree","a) Cash on Delivery (COD)","a) Very secure","a) Very fast","a) Very satisfied","a) Always","b) Easy","a) Very much","c) Not very accurate","c) Sometimes","b) Transparent","a) Very confident","b) Easy","b) Supportive","a) Very fair","c) Disagree","c) Customer complaints/returns","a) Facebook/Instagram","c) Neutral","Yes","a) Low prices","a) Yes, very beneficial","b) Good","a) Always","b) Likely","b) Delivery speed","c) Average"
"2025/10/10 6:43:52 pm GMT+5:30","Komal Ramesh Sonawane ","8390542154","a) Social Media","c) Monthly","a) Smartphone","b) 6 months – 1 year","a) Buyer only","b) Easy","b) Good","a) Yes, very clear","b) Satisfied","b) Often","a) Much cheaper","a) Yes, always","b) Discounts/offers","b) Agree","a) Cash on Delivery (COD)","b) Secure","b) Fast","b) Satisfied","a) Always","c) Difficult","c) Neutral","b) Somewhat accurate","b) Rarely","b) Transparent","b) Somewhat confident","b) Easy","b) Supportive","b) Fair","b) Agree","b) Competition","b) YouTube","b) Somewhat attractive","Yes","b) Reselling option","b) Somewhat beneficial","b) Good","b) Often","b) Likely","a) Product quality","c) Average"
"2025/10/13 10:58:29 am GMT+5:30","Atiq bagwan ","9657668423","b) Friends/Family","c) Monthly","c) Laptop/Desktop","a) Less than 6 months","b) Seller only","c) Difficult","a) Excellent","c) Confusing","a) Very satisfied","c) Sometimes","b) Slightly cheaper","c) Rarely","b) Discounts/offers","b) Agree","a) Cash on Delivery (COD)","c) Somewhat secure","b) Fast","a) Very satisfied","a) Always","d) Very difficult","a) Very much","a) Very accurate","a) Never","c) Not transparent","c) Neutral","b) Easy","b) Supportive","b) Fair","c) Disagree","b) Competition","b) YouTube","b) Somewhat attractive","Yes","b) Reselling option","d) Never tried","a) Excellent","b) Often","b) Likely","a) Product quality","b) Affordable"
"2025/10/13 1:22:28 pm GMT+5:30","Sarang 22kar","9403416620","b) Friends/Family","c) Monthly","c) Laptop/Desktop","b) 6 months – 1 year","b) Seller only","b) Easy","b) Good","c) Confusing","b) Satisfied","c) Sometimes","b) Slightly cheaper","b) Often","b) Discounts/offers","b) Agree","b) UPI","b) Secure","b) Fast","c) Neutral","c) Sometimes","c) Difficult","b) Somewhat","b) Somewhat accurate","c) Sometimes","b) Transparent","b) Somewhat confident","b) Easy","b) Supportive","b) Fair","b) Agree","c) Customer complaints/returns","b) YouTube","b) Somewhat attractive","No","b) Reselling option","c) Not useful","b) Good","b) Often","b) Likely","b) Delivery speed","b) Affordable"
"2025/10/13 1:22:57 pm GMT+5:30","Mayur Patil","8483856514","a) Social Media","b) Weekly","a) Smartphone","a) Less than 6 months","a) Buyer only","b) Easy","b) Good","a) Yes, very clear","a) Very satisfied","b) Often","b) Slightly cheaper","b) Often","a) Low price","b) Agree","a) Cash on Delivery (COD)","b) Secure","b) Fast","a) Very satisfied","b) Often y","a) Very easy","a) Very much","a) Very accurate","b) Rarely","a) Very transparent","a) Very confident","a) Very easy","a) Very supportive","b) Fair","b) Agree","a) Low profit margin","b) YouTube","a) Very attractive","Yes","a) Low prices","a) Yes, very beneficial","b) Good","a) Always","b) Likely","a) Product quality","a) Reliable"
"2025/10/13 1:24:00 pm GMT+5:30","Pratiksha","8425790053","b) Friends/Family","b) Weekly","a) Smartphone","c) 1–2 years","a) Buyer only","b) Easy","a) Excellent","a) Yes, very clear","b) Satisfied","a) Always","a) Much cheaper","b) Often","b) Discounts/offers","b) Agree","a) Cash on Delivery (COD)","a) Very secure","a) Very fast","a) Very satisfied","a) Always","a) Very easy","a) Very much","a) Very accurate","b) Rarely","a) Very transparent","b) Somewhat confident","a) Very easy","b) Supportive","b) Fair","b) Agree","b) Competition","a) Facebook/Instagram","a) Very attractive","Yes","a) Low prices","b) Somewhat beneficial","a) Excellent","b) Often","b) Likely","c) Return/refund policy","c) Average"
"2025/10/13 1:31:36 pm GMT+5:30","Bhagyashri patil","9529972188","b) Friends/Family","b) Weekly","a) Smartphone","d) More than 2 years","a) Buyer only","a) Very easy","b) Good","a) Yes, very clear","b) Satisfied","a) Always","b) Slightly cheaper","c) Rarely","a) Low price","b) Agree","c) Debit/Credit Card","a) Very secure","b) Fast","c) Neutral","","c) Difficult","a) Very much","","b) Rarely","b) Transparent","b) Somewhat confident","b) Easy","b) Supportive","b) Fair","b) Agree","b) Competition","b) YouTube","a) Very attractive","Yes","a) Low prices","b) Somewhat beneficial","a) Excellent","a) Always","d) Very unlikely","c) Return/refund policy","a) Reliable"
"2025/10/13 1:32:47 pm GMT+5:30","Kalpesh koli","8080104629","a) Social Media","a) Daily","a) Smartphone","a) Less than 6 months","a) Buyer only","a) Very easy","b) Good","a) Yes, very clear","a) Very satisfied","b) Often","a) Much cheaper","a) Yes, always","a) Low price","a) Strongly agree","a) Cash on Delivery (COD)","a) Very secure","b) Fast","a) Very satisfied","a) Always","b) Easy","a) Very much","a) Very accurate","b) Rarely","b) Transparent","b) Somewhat confident","b) Easy","a) Very supportive","a) Very fair","b) Agree","a) Low profit margin","a) Facebook/Instagram","a) Very attractive","Yes","a) Low prices","a) Yes, very beneficial","a) Excellent","b) Often","a) Very likely","a) Product quality","b) Affordable"
"2025/10/13 1:36:41 pm GMT+5:30","Mohini Prashant Pande ","9730830602","c) Advertisement","c) Monthly","c) Laptop/Desktop","d) More than 2 years","b) Seller only","c) Difficult","a) Excellent","b) Somewhat clear","a) Very satisfied","b) Often","a) Much cheaper","b) Often","a) Low price","c) Disagree","a) Cash on Delivery (COD)","b) Secure","a) Very fast","a) Very satisfied","a) Always","a) Very easy","","","","","","","","","","","c) Google Ads","","","","","b) Good","a) Always","b) Likely","a) Product quality","b) Affordable"
"2025/10/13 1:46:37 pm GMT+5:30","Yash kailas patil","6886267878","a) Social Media","d) Rarely","c) Laptop/Desktop","c) 1–2 years","c) Both","a) Very easy","a) Excellent","a) Yes, very clear","b) Satisfied","b) Often","a) Much cheaper","c) Rarely","b) Discounts/offers","a) Strongly agree","b) UPI","c) Somewhat secure","b) Fast","b) Satisfied","c) Sometimes","d) Very difficult","a) Very much","b) Somewhat accurate","c) Sometimes","c) Not transparent","b) Somewhat confident","a) Very easy","b) Supportive","a) Very fair","c) Disagree","d) Payment delays","a) Facebook/Instagram","b) Somewhat attractive","Yes","c) Wide product variety","d) Never tried","c) Average","b) Often","b) Likely","d) Customer support",""
"2025/10/13 1:46:54 pm GMT+5:30","Harshal Ramesh Shelake","9808668980","b) Friends/Family","b) Weekly","b) Tablet","c) 1–2 years","b) Seller only","b) Easy","c) Average","b) Somewhat clear","d) Dissatisfied","c) Sometimes","a) Much cheaper","a) Yes, always","b) Discounts/offers","b) Agree","b) UPI","c) Somewhat secure","b) Fast","a) Very satisfied","a) Always","","b) Somewhat","b) Somewhat accurate","a) Never","b) Transparent","c) Neutral","c) Difficult","c) Unsupportive","d) Very unfair","c) Disagree","a) Low profit margin","c) Google Ads","b) Somewhat attractive","No","c) Wide product variety","d) Never tried","c) Average","b) Often","a) Very likely","a) Product quality","a) Reliable"
"2025/10/13 1:49:26 pm GMT+5:30","Yugantika khachane ","9403847926","c) Advertisement","b) Weekly","a) Smartphone","d) More than 2 years","a) Buyer only","b) Easy","c) Average","c) Confusing","a) Very satisfied","c) Sometimes","b) Slightly cheaper","c) Rarely","b) Discounts/offers","a) Strongly agree","b) UPI","d) Not secure","d) Slow","c) Neutral","c) Sometimes","c) Difficult","c) Neutral","b) Somewhat accurate","a) Never","c) Not transparent","b) Somewhat confident","d) Very difficult","b) Supportive","c) Unfair","d) Strongly disagree","a) Low profit margin","a) Facebook/Instagram","c) Neutral","No","b) Reselling option","b) Somewhat beneficial","c) Average","a) Always","d) Very unlikely","c) Return/refund policy","a) Reliable"
"2025/10/13 1:50:16 pm GMT+5:30","Bhushan","8363958208","a) Social Media","b) Weekly","a) Smartphone","a) Less than 6 months","b) Seller only","a) Very easy","a) Excellent","a) Yes, very clear","a) Very satisfied","a) Always","a) Much cheaper","a) Yes, always","b) Discounts/offers","b) Agree","a) Cash on Delivery (COD)","a) Very secure","a) Very fast","a) Very satisfied","b) Often y","a) Very easy","a) Very much","a) Very accurate","a) Never","a) Very transparent","b) Somewhat confident","a) Very easy","b) Supportive","b) Fair","b) Agree","b) Competition","a) Facebook/Instagram","a) Very attractive","Yes","a) Low prices","a) Yes, very beneficial","a) Excellent","a) Always","b) Likely","b) Delivery speed","b) Affordable"
"2025/10/13 1:51:42 pm GMT+5:30","Sagar Rajesh Bendale","7666856451","a) Social Media","b) Weekly","b) Tablet","b) 6 months – 1 year","b) Seller only","b) Easy","b) Good","b) Somewhat clear","a) Very satisfied","b) Often","b) Slightly cheaper","b) Often","c) Product quality","b) Agree","b) UPI","b) Secure","a) Very fast","a) Very satisfied","b) Often y","b) Easy","b) Somewhat","c) Not very accurate","b) Rarely","b) Transparent","b) Somewhat confident","a) Very easy","b) Supportive","b) Fair","b) Agree","a) Low profit margin","a) Facebook/Instagram","a) Very attractive","No","b) Reselling option","b) Somewhat beneficial","b) Good","b) Often","a) Very likely","b) Delivery speed","b) Affordable"
"2025/10/13 1:53:56 pm GMT+5:30","Manasi Bari","7058450584","c) Advertisement","d) Rarely","a) Smartphone","b) 6 months – 1 year","a) Buyer only","a) Very easy","c) Average","b) Somewhat clear","c) Neutral","d) Rarely","b) Slightly cheaper","b) Often","b) Discounts/offers","b) Agree","b) UPI","c) Somewhat secure","d) Slow","c) Neutral","c) Sometimes","b) Easy","c) Neutral","c) Not very accurate","b) Rarely","b) Transparent","b) Somewhat confident","b) Easy","b) Supportive","c) Unfair","a) Strongly agree","a) Low profit margin","b) YouTube","b) Somewhat attractive","No","c) Wide product variety","b) Somewhat beneficial","b) Good","b) Often","a) Very likely","c) Return/refund policy","b) Affordable"
"2025/10/13 1:59:27 pm GMT+5:30","Dnyandip Nehete","7558385525","a) Social Media","a) Daily","a) Smartphone","a) Less than 6 months","a) Buyer only","b) Easy","b) Good","a) Yes, very clear","a) Very satisfied","a) Always","b) Slightly cheaper","b) Often","a) Low price","a) Strongly agree","a) Cash on Delivery (COD)","a) Very secure","a) Very fast","a) Very satisfied","b) Often y","a) Very easy","b) Somewhat","b) Somewhat accurate","b) Rarely","a) Very transparent","b) Somewhat confident","a) Very easy","b) Supportive","a) Very fair","a) Strongly agree","a) Low profit margin","b) YouTube","a) Very attractive","Yes","a) Low prices","a) Yes, very beneficial","b) Good","b) Often","b) Likely","b) Delivery speed","a) Reliable"
"2025/10/13 2:02:26 pm GMT+5:30","Lina vinod Mahajan ","87882 61724 ","a) Social Media","c) Monthly","b) Tablet","a) Less than 6 months","a) Buyer only","b) Easy","b) Good","a) Yes, very clear","b) Satisfied","a) Always","a) Much cheaper","b) Often","a) Low price","b) Agree","a) Cash on Delivery (COD)","b) Secure","b) Fast","b) Satisfied","a) Always","b) Easy","a) Very much","a) Very accurate","b) Rarely","b) Transparent","b) Somewhat confident","b) Easy","a) Very supportive","b) Fair","b) Agree","b) Competition","b) YouTube","b) Somewhat attractive","Yes","b) Reselling option","a) Yes, very beneficial","b) Good","b) Often","b) Likely","b) Delivery speed","b) Affordable"
"2025/10/13 2:07:48 pm GMT+5:30","Himakshi Manoj Patil","8149452005","a) Social Media","d) Rarely","a) Smartphone","a) Less than 6 months","d) Neither","a) Very easy","c) Average","b) Somewhat clear","d) Dissatisfied","d) Rarely","a) Much cheaper","a) Yes, always","c) Product quality","b) Agree","b) UPI","c) Somewhat secure","b) Fast","c) Neutral","b) Often y","b) Easy","a) Very much","b) Somewhat accurate","c) Sometimes","b) Transparent","b) Somewhat confident","a) Very easy","c) Unsupportive","c) Unfair","d) Strongly disagree","b) Competition","b) YouTube","b) Somewhat attractive","No","c) Wide product variety","c) Not useful","b) Good","c) Sometimes","b) Likely","b) Delivery speed","b) Affordable"
"2025/10/13 2:09:08 pm GMT+5:30","Punaji patil ","9960761429","a) Social Media","b) Weekly","a) Smartphone","d) More than 2 years","a) Buyer only","a) Very easy","a) Excellent","a) Yes, very clear","a) Very satisfied","a) Always","a) Much cheaper","a) Yes, always","b) Discounts/offers","a) Strongly agree","a) Cash on Delivery (COD)","b) Secure","c) Average","b) Satisfied","b) Often y","c) Difficult","a) Very much","a) Very accurate","a) Never","a) Very transparent","b) Somewhat confident","a) Very easy","b) Supportive","b) Fair","a) Strongly agree","b) Competition","b) YouTube","b) Somewhat attractive","Yes","b) Reselling option","c) Not useful","b) Good","a) Always","b) Likely","b) Delivery speed","b) Affordable"
"2025/10/13 4:34:10 pm GMT+5:30","Harish Patil ","9588494208","b) Friends/Family","b) Weekly","b) Tablet","d) More than 2 years","a) Buyer only","b) Easy","b) Good","b) Somewhat clear","b) Satisfied","b) Often","b) Slightly cheaper","b) Often","b) Discounts/offers","b) Agree","b) UPI","b) Secure","b) Fast","b) Satisfied","b) Often y","b) Easy","b) Somewhat","b) Somewhat accurate","b) Rarely","b) Transparent","b) Somewhat confident","b) Easy","b) Supportive","b) Fair","b) Agree","b) Competition","b) YouTube","b) Somewhat attractive","Yes","b) Reselling option","b) Somewhat beneficial","b) Good","b) Often","b) Likely","b) Delivery speed","b) Affordable"
"2025/10/14 10:53:52 am GMT+5:30","Mayur Dhangar ","9322166713","b) Friends/Family","b) Weekly","b) Tablet","b) 6 months – 1 year","b) Seller only","b) Easy","b) Good","b) Somewhat clear","b) Satisfied","b) Often","","c) Rarely","c) Product quality","b) Agree","b) UPI","b) Secure","b) Fast","b) Satisfied","c) Sometimes","b) Easy","b) Somewhat","c) Not very accurate","b) Rarely","c) Not transparent","c) Neutral","c) Difficult","b) Supportive","c) Unfair","c) Disagree","c) Customer complaints/returns","b) YouTube","b) Somewhat attractive","Yes","b) Reselling option","b) Somewhat beneficial","b) Good","b) Often","b) Likely","c) Return/refund policy","b) Affordable"
"2025/10/14 11:02:09 am GMT+5:30","Gaurav Chaudhari ","87999278291","c) Advertisement","b) Weekly","c) Laptop/Desktop","c) 1–2 years","b) Seller only","a) Very easy","a) Excellent","b) Somewhat clear","c) Neutral","b) Often","b) Slightly cheaper","b) Often","b) Discounts/offers","b) Agree","a) Cash on Delivery (COD)","c) Somewhat secure","a) Very fast","b) Satisfied","a) Always","b) Easy","b) Somewhat","b) Somewhat accurate","a) Never","b) Transparent","c) Neutral","b) Easy","c) Unsupportive","b) Fair","c) Disagree","b) Competition","a) Facebook/Instagram","b) Somewhat attractive","Yes","b) Reselling option","a) Yes, very beneficial","a) Excellent","c) Sometimes","b) Likely","b) Delivery speed","b) Affordable"
"2025/10/14 11:04:25 am GMT+5:30","Jayala Kishor shinde","7058601110","b) Friends/Family","b) Weekly","b) Tablet","b) 6 months – 1 year","c) Both","a) Very easy","c) Average","b) Somewhat clear","b) Satisfied","a) Always","c) Similar","b) Often","b) Discounts/offers","c) Disagree","b) UPI","b) Secure","b) Fast","b) Satisfied","b) Often y","b) Easy","b) Somewhat","b) Somewhat accurate","a) Never","b) Transparent","b) Somewhat confident","b) Easy","b) Supportive","a) Very fair","b) Agree","b) Competition","c) Google Ads","b) Somewhat attractive","Yes","b) Reselling option","","c) Average","b) Often","c) Unlikely","b) Delivery speed","c) Average"
"2025/10/14 11:06:54 am GMT+5:30","Yash patil ","9403382491","a) Social Media","a) Daily","b) Tablet","a) Less than 6 months","b) Seller only","a) Very easy","b) Good","b) Somewhat clear","b) Satisfied","b) Often","a) Much cheaper","c) Rarely","c) Product quality","b) Agree","c) Debit/Credit Card","a) Very secure","a) Very fast","b) Satisfied","b) Often y","b) Easy","b) Somewhat","b) Somewhat accurate","b) Rarely","b) Transparent","b) Somewhat confident","b) Easy","b) Supportive","b) Fair","b) Agree","b) Competition","b) YouTube","c) Neutral","Yes","a) Low prices","a) Yes, very beneficial","","a) Always","b) Likely","b) Delivery speed","b) Affordable"
"2025/10/14 11:58:15 am GMT+5:30","Chanchal jitendra patil ","7020378093","b) Friends/Family","d) Rarely","d) Other","a) Less than 6 months","a) Buyer only","b) Easy","b) Good","b) Somewhat clear","b) Satisfied","b) Often","b) Slightly cheaper","b) Often","b) Discounts/offers","b) Agree","a) Cash on Delivery (COD)","b) Secure","b) Fast","b) Satisfied","a) Always","b) Easy","b) Somewhat","b) Somewhat accurate","b) Rarely","b) Transparent","b) Somewhat confident","b) Easy","b) Supportive","b) Fair","c) Disagree","b) Competition","b) YouTube","b) Somewhat attractive","Yes","a) Low prices","a) Yes, very beneficial","b) Good","b) Often","b) Likely","b) Delivery speed","b) Affordable"
"2025/10/14 12:01:17 pm GMT+5:30","Bhumika ","8080164606","b) Friends/Family","c) Monthly","a) Smartphone","c) 1–2 years","c) Both","b) Easy","b) Good","b) Somewhat clear","c) Neutral","b) Often","b) Slightly cheaper","b) Often","b) Discounts/offers","b) Agree","a) Cash on Delivery (COD)","d) Not secure","c) Average","c) Neutral","c) Sometimes","c) Difficult","c) Neutral","c) Not very accurate","b) Rarely","c) Not transparent","c) Neutral","b) Easy","b) Supportive","b) Fair","b) Agree","b) Competition","c) Google Ads","c) Neutral","No","b) Reselling option","c) Not useful","c) Average","b) Often","b) Likely","b) Delivery speed","c) Average"
"2025/10/15 12:41:00 pm GMT+5:30","Rani Bhagwat Otari ","9372323516","b) Friends/Family","b) Weekly","b) Tablet","b) 6 months – 1 year","b) Seller only","b) Easy","b) Good","b) Somewhat clear","d) Dissatisfied","b) Often","c) Similar","b) Often","b) Discounts/offers","b) Agree","c) Debit/Credit Card","c) Somewhat secure","c) Average","b) Satisfied","b) Often y","a) Very easy","c) Neutral","c) Not very accurate","c) Sometimes","c) Not transparent","c) Neutral","c) Difficult","b) Supportive","c) Unfair","b) Agree","c) Customer complaints/returns","b) YouTube","c) Neutral","No","b) Reselling option","b) Somewhat beneficial","b) Good","c) Sometimes","c) Unlikely","b) Delivery speed","a) Reliable"
"2025/10/15 12:42:08 pm GMT+5:30","","7219558126","a) Social Media","a) Daily","a) Smartphone","a) Less than 6 months","a) Buyer only","a) Very easy","b) Good","a) Yes, very clear","a) Very satisfied","a) Always","a) Much cheaper","a) Yes, always","b) Discounts/offers","a) Strongly agree","a) Cash on Delivery (COD)","a) Very secure","a) Very fast","a) Very satisfied","a) Always","a) Very easy","a) Very much","a) Very accurate","a) Never","a) Very transparent","a) Very confident","d) Very difficult","a) Very supportive","a) Very fair","a) Strongly agree","a) Low profit margin","a) Facebook/Instagram","a) Very attractive","Yes","a) Low prices","a) Yes, very beneficial","a) Excellent","a) Always","a) Very likely","a) Product quality","a) Reliable"
"2025/10/15 12:42:08 pm GMT+5:30","kumkum Pardeshi ","8329743054","a) Social Media","b) Weekly","a) Smartphone","a) Less than 6 months","b) Seller only","a) Very easy","b) Good","b) Somewhat clear","b) Satisfied","c) Sometimes","a) Much cheaper","a) Yes, always","c) Product quality","c) Disagree","a) Cash on Delivery (COD)","b) Secure","b) Fast","a) Very satisfied","c) Sometimes","c) Difficult","b) Somewhat","b) Somewhat accurate","b) Rarely","c) Not transparent","c) Neutral","a) Very easy","a) Very supportive","b) Fair","c) Disagree","c) Customer complaints/returns","a) Facebook/Instagram","a) Very attractive","No","b) Reselling option","b) Somewhat beneficial","a) Excellent","b) Often","c) Unlikely","b) Delivery speed","b) Affordable"
"2025/10/15 1:53:58 pm GMT+5:30","Yashasvi Savande ","8530953153","a) Social Media","d) Rarely","a) Smartphone","b) 6 months – 1 year","b) Seller only","b) Easy","c) Average","a) Yes, very clear","b) Satisfied","b) Often","b) Slightly cheaper","b) Often","a) Low price","c) Disagree","a) Cash on Delivery (COD)","b) Secure","a) Very fast","a) Very satisfied","a) Always","a) Very easy","a) Very much","a) Very accurate","a) Never","a) Very transparent","a) Very confident","a) Very easy","a) Very supportive","b) Fair","a) Strongly agree","a) Low profit margin","b) YouTube","a) Very attractive","Yes","a) Low prices","a) Yes, very beneficial","b) Good","a) Always","b) Likely","a) Product quality","a) Reliable"
"2025/10/17 12:18:59 pm GMT+5:30","Ajay patil","7620352006","a) Social Media","b) Weekly","b) Tablet","a) Less than 6 months","a) Buyer only","a) Very easy","a) Excellent","a) Yes, very clear","a) Very satisfied","a) Always","a) Much cheaper","b) Often","c) Product quality","a) Strongly agree","a) Cash on Delivery (COD)","a) Very secure","a) Very fast","b) Satisfied","d) Rarel","c) Difficult","b) Somewhat","a) Very accurate","b) Rarely","b) Transparent","b) Somewhat confident","a) Very easy","d) Very unsupportive","b) Fair","a) Strongly agree","a) Low profit margin","a) Facebook/Instagram","b) Somewhat attractive","Yes","b) Reselling option","b) Somewhat beneficial","a) Excellent","a) Always","b) Likely","a) Product quality","a) Reliable"